CODE,NAME,LEVEL,PARENT_CODE,STATUS
450000,广西壮族自治区,1,,1
450100,南宁市,2,450000,1
450102,兴宁区,3,450100,1
450103,青秀区,3,450100,1
450105,江南区,3,450100,1
450107,西乡塘区,3,450100,1
450108,良庆区,3,450100,1
450109,邕宁区,3,450100,1
450110,武鸣区,3,450100,1
450123,隆安县,3,450100,1
450124,马山县,3,450100,1
450125,上林县,3,450100,1
450126,宾阳县,3,450100,1
450181,横州市,3,450100,1
450200,柳州市,2,450000,1
450202,城中区,3,450200,1
450203,鱼峰区,3,450200,1
450204,柳南区,3,450200,1
450205,柳北区,3,450200,1
450206,柳江区,3,450200,1
450222,柳城县,3,450200,1
450223,鹿寨县,3,450200,1
450224,融安县,3,450200,1
450225,融水苗族自治县,3,450200,1
450226,三江侗族自治县,3,450200,1
450300,桂林市,2,450000,1
450302,秀峰区,3,450300,1
450303,叠彩区,3,450300,1
450304,象山区,3,450300,1
450305,七星区,3,450300,1
450311,雁山区,3,450300,1
450312,临桂区,3,450300,1
450321,阳朔县,3,450300,1
450323,灵川县,3,450300,1
450324,全州县,3,450300,1
450325,兴安县,3,450300,1
450326,永福县,3,450300,1
450327,灌阳县,3,450300,1
450328,龙胜各族自治县,3,450300,1
450329,资源县,3,450300,1
450330,平乐县,3,450300,1
450332,恭城瑶族自治县,3,450300,1
450381,荔浦市,3,450300,1
450400,梧州市,2,450000,1
450403,万秀区,3,450400,1
450405,长洲区,3,450400,1
450406,龙圩区,3,450400,1
450421,苍梧县,3,450400,1
450422,藤县,3,450400,1
450423,蒙山县,3,450400,1
450481,岑溪市,3,450400,1
450500,北海市,2,450000,1
450502,海城区,3,450500,1
450503,银海区,3,450500,1
450512,铁山港区,3,450500,1
450521,合浦县,3,450500,1
450600,防城港市,2,450000,1
450602,港口区,3,450600,1
450603,防城区,3,450600,1
450621,上思县,3,450600,1
450681,东兴市,3,450600,1
450700,钦州市,2,450000,1
450702,钦南区,3,450700,1
450703,钦北区,3,450700,1
450721,灵山县,3,450700,1
450722,浦北县,3,450700,1
450800,贵港市,2,450000,1
450802,港北区,3,450800,1
450803,港南区,3,450800,1
450804,覃塘区,3,450800,1
450821,平南县,3,450800,1
450881,桂平市,3,450800,1
450900,玉林市,2,450000,1
450902,玉州区,3,450900,1
450903,福绵区,3,450900,1
450921,容县,3,450900,1
450922,陆川县,3,450900,1
450923,博白县,3,450900,1
450924,兴业县,3,450900,1
450981,北流市,3,450900,1
451000,百色市,2,450000,1
451002,右江区,3,451000,1
451003,田阳区,3,451000,1
451022,田东县,3,451000,1
451024,德保县,3,451000,1
451026,那坡县,3,451000,1
451027,凌云县,3,451000,1
451028,乐业县,3,451000,1
451029,田林县,3,451000,1
451030,西林县,3,451000,1
451031,隆林各族自治县,3,451000,1
451081,靖西市,3,451000,1
451082,平果市,3,451000,1
451100,贺州市,2,450000,1
451102,八步区,3,451100,1
451103,平桂区,3,451100,1
451121,昭平县,3,451100,1
451122,钟山县,3,451100,1
451123,富川瑶族自治县,3,451100,1
451200,河池市,2,450000,1
451202,金城江区,3,451200,1
451203,宜州区,3,451200,1
451221,南丹县,3,451200,1
451222,天峨县,3,451200,1
451223,凤山县,3,451200,1
451224,东兰县,3,451200,1
451225,罗城仫佬族自治县,3,451200,1
451226,环江毛南族自治县,3,451200,1
451227,巴马瑶族自治县,3,451200,1
451228,都安瑶族自治县,3,451200,1
451229,大化瑶族自治县,3,451200,1
451300,来宾市,2,450000,1
451302,兴宾区,3,451300,1
451321,忻城县,3,451300,1
451322,象州县,3,451300,1
451323,武宣县,3,451300,1
451324,金秀瑶族自治县,3,451300,1
451381,合山市,3,451300,1
451400,崇左市,2,450000,1
451402,江州区,3,451400,1
451421,扶绥县,3,451400,1
451422,宁明县,3,451400,1
451423,龙州县,3,451400,1
451424,大新县,3,451400,1
451425,天等县,3,451400,1
451481,凭祥市,3,451400,1
460000,海南省,1,,1
460100,海口市,2,460000,1
460105,秀英区,3,460100,1
460106,龙华区,3,460100,1
460107,琼山区,3,460100,1
460108,美兰区,3,460100,1
460200,三亚市,2,460000,1
460202,海棠区,3,460200,1
460203,吉阳区,3,460200,1
460204,天涯区,3,460200,1
460205,崖州区,3,460200,1
460300,三沙市,2,460000,1
460302,西沙区,3,460300,1
460303,南沙区,3,460300,1
460400,儋州市,2,460000,1
469000,省直辖县级行政区划,2,460000,1
469001,五指山市,3,460000,1
469002,琼海市,3,460000,1
469005,文昌市,3,460000,1
469006,万宁市,3,460000,1
469007,东方市,3,460000,1
469021,定安县,3,460000,1
469022,屯昌县,3,460000,1
469023,澄迈县,3,460000,1
469024,临高县,3,460000,1
469025,白沙黎族自治县,3,460000,1
469026,昌江黎族自治县,3,460000,1
469027,乐东黎族自治县,3,460000,1
469028,陵水黎族自治县,3,460000,1
469029,保亭黎族苗族自治县,3,460000,1
469030,琼中黎族苗族自治县,3,460000,1
500000,重庆市,1,,1
500101,万州区,3,500000,1
500102,涪陵区,3,500000,1
500103,渝中区,3,500000,1
500104,大渡口区,3,500000,1
500105,江北区,3,500000,1
500106,沙坪坝区,3,500000,1
500107,九龙坡区,3,500000,1
500108,南岸区,3,500000,1
500109,北碚区,3,500000,1
500110,綦江区,3,500000,1
500111,大足区,3,500000,1
500112,渝北区,3,500000,1
500113,巴南区,3,500000,1
500114,黔江区,3,500000,1
500115,长寿区,3,500000,1
500116,江津区,3,500000,1
500117,合川区,3,500000,1
500118,永川区,3,500000,1
500119,南川区,3,500000,1
500120,璧山区,3,500000,1
500151,铜梁区,3,500000,1
500152,潼南区,3,500000,1
500153,荣昌区,3,500000,1
500154,开州区,3,500000,1
500155,梁平区,3,500000,1
500156,武隆区,3,500000,1
500229,城口县,3,500000,1
500230,丰都县,3,500000,1
500231,垫江县,3,500000,1
500233,忠县,3,500000,1
500235,云阳县,3,500000,1
500236,奉节县,3,500000,1
500237,巫山县,3,500000,1
500238,巫溪县,3,500000,1
500240,石柱土家族自治县,3,500000,1
500241,秀山土家族苗族自治县,3,500000,1
500242,酉阳土家族苗族自治县,3,500000,1
500243,彭水苗族土家族自治县,3,500000,1
510000,四川省,1,,1
510100,成都市,2,510000,1
510104,锦江区,3,510100,1
510105,青羊区,3,510100,1
510106,金牛区,3,510100,1
510107,武侯区,3,510100,1
510108,成华区,3,510100,1
510112,龙泉驿区,3,510100,1
510113,青白江区,3,510100,1
510114,新都区,3,510100,1
510115,温江区,3,510100,1
510116,双流区,3,510100,1
510117,郫都区,3,510100,1
510118,新津区,3,510100,1
510121,金堂县,3,510100,1
510129,大邑县,3,510100,1
510131,蒲江县,3,510100,1
510181,都江堰市,3,510100,1
510182,彭州市,3,510100,1
510183,邛崃市,3,510100,1
510184,崇州市,3,510100,1
510185,简阳市,3,510100,1
510300,自贡市,2,510000,1
510302,自流井区,3,510300,1
510303,贡井区,3,510300,1
510304,大安区,3,510300,1
510311,沿滩区,3,510300,1
510321,荣县,3,510300,1
510322,富顺县,3,510300,1
510400,攀枝花市,2,510000,1
510402,东区,3,510400,1
510403,西区,3,510400,1
510411,仁和区,3,510400,1
510421,米易县,3,510400,1
510422,盐边县,3,510400,1
510500,泸州市,2,510000,1
510502,江阳区,3,510500,1
510503,纳溪区,3,510500,1
510504,龙马潭区,3,510500,1
510521,泸县,3,510500,1
510522,合江县,3,510500,1
510524,叙永县,3,510500,1
510525,古蔺县,3,510500,1
510600,德阳市,2,510000,1
510603,旌阳区,3,510600,1
510604,罗江区,3,510600,1
510623,中江县,3,510600,1
510681,广汉市,3,510600,1
510682,什邡市,3,510600,1
510683,绵竹市,3,510600,1
510700,绵阳市,2,510000,1
510703,涪城区,3,510700,1
510704,游仙区,3,510700,1
510705,安州区,3,510700,1
510722,三台县,3,510700,1
510723,盐亭县,3,510700,1
510725,梓潼县,3,510700,1
510726,北川羌族自治县,3,510700,1
510727,平武县,3,510700,1
510781,江油市,3,510700,1
510800,广元市,2,510000,1
510802,利州区,3,510800,1
510811,昭化区,3,510800,1
510812,朝天区,3,510800,1
510821,旺苍县,3,510800,1
510822,青川县,3,510800,1
510823,剑阁县,3,510800,1
510824,苍溪县,3,510800,1
510900,遂宁市,2,510000,1
510903,船山区,3,510900,1
510904,安居区,3,510900,1
510921,蓬溪县,3,510900,1
510923,大英县,3,510900,1
510981,射洪市,3,510900,1
511000,内江市,2,510000,1
511002,市中区,3,511000,1
511011,东兴区,3,511000,1
511024,威远县,3,511000,1
511025,资中县,3,511000,1
511083,隆昌市,3,511000,1
511100,乐山市,2,510000,1
511102,市中区,3,511100,1
511111,沙湾区,3,511100,1
511112,五通桥区,3,511100,1
511113,金口河区,3,511100,1
511123,犍为县,3,511100,1
511124,井研县,3,511100,1
511126,夹江县,3,511100,1
511129,沐川县,3,511100,1
511132,峨边彝族自治县,3,511100,1
511133,马边彝族自治县,3,511100,1
511181,峨眉山市,3,511100,1
511300,南充市,2,510000,1
511302,顺庆区,3,511300,1
511303,高坪区,3,511300,1
511304,嘉陵区,3,511300,1
511321,南部县,3,511300,1
511322,营山县,3,511300,1
511323,蓬安县,3,511300,1
511324,仪陇县,3,511300,1
511325,西充县,3,511300,1
511381,阆中市,3,511300,1
511400,眉山市,2,510000,1
511402,东坡区,3,511400,1
511403,彭山区,3,511400,1
511421,仁寿县,3,511400,1
511423,洪雅县,3,511400,1
511424,丹棱县,3,511400,1
511425,青神县,3,511400,1
511500,宜宾市,2,510000,1
511502,翠屏区,3,511500,1
511503,南溪区,3,511500,1
511504,叙州区,3,511500,1
511523,江安县,3,511500,1
511524,长宁县,3,511500,1
511525,高县,3,511500,1
511526,珙县,3,511500,1
511527,筠连县,3,511500,1
511528,兴文县,3,511500,1
511529,屏山县,3,511500,1
511600,广安市,2,510000,1
511602,广安区,3,511600,1
511603,前锋区,3,511600,1
511621,岳池县,3,511600,1
511622,武胜县,3,511600,1
511623,邻水县,3,511600,1
511681,华蓥市,3,511600,1
511700,达州市,2,510000,1
511702,通川区,3,511700,1
511703,达川区,3,511700,1
511722,宣汉县,3,511700,1
511723,开江县,3,511700,1
511724,大竹县,3,511700,1
511725,渠县,3,511700,1
511781,万源市,3,511700,1
511800,雅安市,2,510000,1
511802,雨城区,3,511800,1
511803,名山区,3,511800,1
511822,荥经县,3,511800,1
511823,汉源县,3,511800,1
511824,石棉县,3,511800,1
511825,天全县,3,511800,1
511826,芦山县,3,511800,1
511827,宝兴县,3,511800,1
511900,巴中市,2,510000,1
511902,巴州区,3,511900,1
511903,恩阳区,3,511900,1
511921,通江县,3,511900,1
511922,南江县,3,511900,1
511923,平昌县,3,511900,1
512000,资阳市,2,510000,1
512002,雁江区,3,512000,1
512021,安岳县,3,512000,1
512022,乐至县,3,512000,1
513200,阿坝藏族羌族自治州,2,510000,1
513201,马尔康市,3,513200,1
513221,汶川县,3,513200,1
513222,理县,3,513200,1
513223,茂县,3,513200,1
513224,松潘县,3,513200,1
513225,九寨沟县,3,513200,1
513226,金川县,3,513200,1
513227,小金县,3,513200,1
513228,黑水县,3,513200,1
513230,壤塘县,3,513200,1
513231,阿坝县,3,513200,1
513232,若尔盖县,3,513200,1
513233,红原县,3,513200,1
513300,甘孜藏族自治州,2,510000,1
513301,康定市,3,513300,1
513322,泸定县,3,513300,1
513323,丹巴县,3,513300,1
513324,九龙县,3,513300,1
513325,雅江县,3,513300,1
513326,道孚县,3,513300,1
513327,炉霍县,3,513300,1
513328,甘孜县,3,513300,1
513329,新龙县,3,513300,1
513330,德格县,3,513300,1
513331,白玉县,3,513300,1
513332,石渠县,3,513300,1
513333,色达县,3,513300,1
513334,理塘县,3,513300,1
513335,巴塘县,3,513300,1
513336,乡城县,3,513300,1
513337,稻城县,3,513300,1
513338,得荣县,3,513300,1
513400,凉山彝族自治州,2,510000,1
513401,西昌市,3,513400,1
513402,会理市,3,513400,1
513422,木里藏族自治县,3,513400,1
513423,盐源县,3,513400,1
513424,德昌县,3,513400,1
513426,会东县,3,513400,1
513427,宁南县,3,513400,1
513428,普格县,3,513400,1
513429,布拖县,3,513400,1
513430,金阳县,3,513400,1
513431,昭觉县,3,513400,1
513432,喜德县,3,513400,1
513433,冕宁县,3,513400,1
513434,越西县,3,513400,1
513435,甘洛县,3,513400,1
513436,美姑县,3,513400,1
513437,雷波县,3,513400,1
520000,贵州省,1,,1
520100,贵阳市,2,520000,1
520102,南明区,3,520100,1
520103,云岩区,3,520100,1
520111,花溪区,3,520100,1
520112,乌当区,3,520100,1
520113,白云区,3,520100,1
520115,观山湖区,3,520100,1
520121,开阳县,3,520100,1
520122,息烽县,3,520100,1
520123,修文县,3,520100,1
520181,清镇市,3,520100,1
520200,六盘水市,2,520000,1
520201,钟山区,3,520200,1
520203,六枝特区,3,520200,1
520204,水城区,3,520200,1
520281,盘州市,3,520200,1
520300,遵义市,2,520000,1
520302,红花岗区,3,520300,1
520303,汇川区,3,520300,1
520304,播州区,3,520300,1
520322,桐梓县,3,520300,1
520323,绥阳县,3,520300,1
520324,正安县,3,520300,1
520325,道真仡佬族苗族自治县,3,520300,1
520326,务川仡佬族苗族自治县,3,520300,1
520327,凤冈县,3,520300,1
520328,湄潭县,3,520300,1
520329,余庆县,3,520300,1
520330,习水县,3,520300,1
520381,赤水市,3,520300,1
520382,仁怀市,3,520300,1
520400,安顺市,2,520000,1
520402,西秀区,3,520400,1
520403,平坝区,3,520400,1
520422,普定县,3,520400,1
520423,镇宁布依族苗族自治县,3,520400,1
520424,关岭布依族苗族自治县,3,520400,1
520425,紫云苗族布依族自治县,3,520400,1
520500,毕节市,2,520000,1
520502,七星关区,3,520500,1
520521,大方县,3,520500,1
520523,金沙县,3,520500,1
520524,织金县,3,520500,1
520525,纳雍县,3,520500,1
520526,威宁彝族回族苗族自治县,3,520500,1
520527,赫章县,3,520500,1
520581,黔西市,3,520500,1
520600,铜仁市,2,520000,1
520602,碧江区,3,520600,1
520603,万山区,3,520600,1
520621,江口县,3,520600,1
520622,玉屏侗族自治县,3,520600,1
520623,石阡县,3,520600,1
520624,思南县,3,520600,1
520625,印江土家族苗族自治县,3,520600,1
520626,德江县,3,520600,1
520627,沿河土家族自治县,3,520600,1
520628,松桃苗族自治县,3,520600,1
522300,黔西南布依族苗族自治州,2,520000,1
522301,兴义市,3,522300,1
522302,兴仁市,3,522300,1
522323,普安县,3,522300,1
522324,晴隆县,3,522300,1
522325,贞丰县,3,522300,1
522326,望谟县,3,522300,1
522327,册亨县,3,522300,1
522328,安龙县,3,522300,1
522600,黔东南苗族侗族自治州,2,520000,1
522601,凯里市,3,522600,1
522622,黄平县,3,522600,1
522623,施秉县,3,522600,1
522624,三穗县,3,522600,1
522625,镇远县,3,522600,1
522626,岑巩县,3,522600,1
522627,天柱县,3,522600,1
522628,锦屏县,3,522600,1
522629,剑河县,3,522600,1
522630,台江县,3,522600,1
522631,黎平县,3,522600,1
522632,榕江县,3,522600,1
522633,从江县,3,522600,1
522634,雷山县,3,522600,1
522635,麻江县,3,522600,1
522636,丹寨县,3,522600,1
522700,黔南布依族苗族自治州,2,520000,1
522701,都匀市,3,522700,1
522702,福泉市,3,522700,1
522722,荔波县,3,522700,1
522723,贵定县,3,522700,1
522725,瓮安县,3,522700,1
522726,独山县,3,522700,1
522727,平塘县,3,522700,1
522728,罗甸县,3,522700,1
522729,长顺县,3,522700,1
522730,龙里县,3,522700,1
522731,惠水县,3,522700,1
522732,三都水族自治县,3,522700,1
530000,云南省,1,,1
530100,昆明市,2,530000,1
530102,五华区,3,530100,1
530103,盘龙区,3,530100,1
530111,官渡区,3,530100,1
530112,西山区,3,530100,1
530113,东川区,3,530100,1
530114,呈贡区,3,530100,1
530115,晋宁区,3,530100,1
530124,富民县,3,530100,1
530125,宜良县,3,530100,1
530126,石林彝族自治县,3,530100,1
530127,嵩明县,3,530100,1
530128,禄劝彝族苗族自治县,3,530100,1
530129,寻甸回族彝族自治县,3,530100,1
530181,安宁市,3,530100,1
530300,曲靖市,2,530000,1
530302,麒麟区,3,530300,1
530303,沾益区,3,530300,1
530304,马龙区,3,530300,1
530322,陆良县,3,530300,1
530323,师宗县,3,530300,1
530324,罗平县,3,530300,1
530325,富源县,3,530300,1
530326,会泽县,3,530300,1
530381,宣威市,3,530300,1
530400,玉溪市,2,530000,1
530402,红塔区,3,530400,1
530403,江川区,3,530400,1
530423,通海县,3,530400,1
530424,华宁县,3,530400,1
530425,易门县,3,530400,1
530426,峨山彝族自治县,3,530400,1
530427,新平彝族傣族自治县,3,530400,1
530428,元江哈尼族彝族傣族自治县,3,530400,1
530481,澄江市,3,530400,1
530500,保山市,2,530000,1
530502,隆阳区,3,530500,1
530521,施甸县,3,530500,1
530523,龙陵县,3,530500,1
530524,昌宁县,3,530500,1
530581,腾冲市,3,530500,1
530600,昭通市,2,530000,1
530602,昭阳区,3,530600,1
530621,鲁甸县,3,530600,1
530622,巧家县,3,530600,1
530623,盐津县,3,530600,1
530624,大关县,3,530600,1
530625,永善县,3,530600,1
530626,绥江县,3,530600,1
530627,镇雄县,3,530600,1
530628,彝良县,3,530600,1
530629,威信县,3,530600,1
530681,水富市,3,530600,1
530700,丽江市,2,530000,1
530702,古城区,3,530700,1
530721,玉龙纳西族自治县,3,530700,1
530722,永胜县,3,530700,1
530723,华坪县,3,530700,1
530724,宁蒗彝族自治县,3,530700,1
530800,普洱市,2,530000,1
530802,思茅区,3,530800,1
530821,宁洱哈尼族彝族自治县,3,530800,1
530822,墨江哈尼族自治县,3,530800,1
530823,景东彝族自治县,3,530800,1
530824,景谷傣族彝族自治县,3,530800,1
530825,镇沅彝族哈尼族拉祜族自治县,3,530800,1
530826,江城哈尼族彝族自治县,3,530800,1
530827,孟连傣族拉祜族佤族自治县,3,530800,1
530828,澜沧拉祜族自治县,3,530800,1
530829,西盟佤族自治县,3,530800,1
530900,临沧市,2,530000,1
530902,临翔区,3,530900,1
530921,凤庆县,3,530900,1
530922,云县,3,530900,1
530923,永德县,3,530900,1
530924,镇康县,3,530900,1
530925,双江拉祜族佤族布朗族傣族自治县,3,530900,1
530926,耿马傣族佤族自治县,3,530900,1
530927,沧源佤族自治县,3,530900,1
532300,楚雄彝族自治州,2,530000,1
532301,楚雄市,3,532300,1
532302,禄丰市,3,532300,1
532322,双柏县,3,532300,1
532323,牟定县,3,532300,1
532324,南华县,3,532300,1
532325,姚安县,3,532300,1
532326,大姚县,3,532300,1
532327,永仁县,3,532300,1
532328,元谋县,3,532300,1
532329,武定县,3,532300,1
532500,红河哈尼族彝族自治州,2,530000,1
532501,个旧市,3,532500,1
532502,开远市,3,532500,1
532503,蒙自市,3,532500,1
532504,弥勒市,3,532500,1
532523,屏边苗族自治县,3,532500,1
532524,建水县,3,532500,1
532525,石屏县,3,532500,1
532527,泸西县,3,532500,1
532528,元阳县,3,532500,1
532529,红河县,3,532500,1
532530,金平苗族瑶族傣族自治县,3,532500,1
532531,绿春县,3,532500,1
532532,河口瑶族自治县,3,532500,1
532600,文山壮族苗族自治州,2,530000,1
532601,文山市,3,532600,1
532622,砚山县,3,532600,1
532623,西畴县,3,532600,1
532624,麻栗坡县,3,532600,1
532625,马关县,3,532600,1
532626,丘北县,3,532600,1
532627,广南县,3,532600,1
532628,富宁县,3,532600,1
532800,西双版纳傣族自治州,2,530000,1
532801,景洪市,3,532800,1
532822,勐海县,3,532800,1
532823,勐腊县,3,532800,1
532900,大理白族自治州,2,530000,1
532901,大理市,3,532900,1
532922,漾濞彝族自治县,3,532900,1
532923,祥云县,3,532900,1
532924,宾川县,3,532900,1
532925,弥渡县,3,532900,1
532926,南涧彝族自治县,3,532900,1
532927,巍山彝族回族自治县,3,532900,1
532928,永平县,3,532900,1
532929,云龙县,3,532900,1
532930,洱源县,3,532900,1
532931,剑川县,3,532900,1
532932,鹤庆县,3,532900,1
533100,德宏傣族景颇族自治州,2,530000,1
533102,瑞丽市,3,533100,1
533103,芒市,3,533100,1
533122,梁河县,3,533100,1
533123,盈江县,3,533100,1
533124,陇川县,3,533100,1
533300,怒江傈僳族自治州,2,530000,1
533301,泸水市,3,533300,1
533323,福贡县,3,533300,1
533324,贡山独龙族怒族自治县,3,533300,1
533325,兰坪白族普米族自治县,3,533300,1
533400,迪庆藏族自治州,2,530000,1
533401,香格里拉市,3,533400,1
533422,德钦县,3,533400,1
533423,维西傈僳族自治县,3,533400,1
540000,西藏自治区,1,,1
540100,拉萨市,2,540000,1
540102,城关区,3,540100,1
540103,堆龙德庆区,3,540100,1
540104,达孜区,3,540100,1
540121,林周县,3,540100,1
540122,当雄县,3,540100,1
540123,尼木县,3,540100,1
540124,曲水县,3,540100,1
540127,墨竹工卡县,3,540100,1
540200,日喀则市,2,540000,1
540202,桑珠孜区,3,540200,1
540221,南木林县,3,540200,1
540222,江孜县,3,540200,1
540223,定日县,3,540200,1
540224,萨迦县,3,540200,1
540225,拉孜县,3,540200,1
540226,昂仁县,3,540200,1
540227,谢通门县,3,540200,1
540228,白朗县,3,540200,1
540229,仁布县,3,540200,1
540230,康马县,3,540200,1
540231,定结县,3,540200,1
540232,仲巴县,3,540200,1
540233,亚东县,3,540200,1
540234,吉隆县,3,540200,1
540235,聂拉木县,3,540200,1
540236,萨嘎县,3,540200,1
540237,岗巴县,3,540200,1
540300,昌都市,2,540000,1
540302,卡若区,3,540300,1
540321,江达县,3,540300,1
540322,贡觉县,3,540300,1
540323,类乌齐县,3,540300,1
540324,丁青县,3,540300,1
540325,察雅县,3,540300,1
540326,八宿县,3,540300,1
540327,左贡县,3,540300,1
540328,芒康县,3,540300,1
540329,洛隆县,3,540300,1
540330,边坝县,3,540300,1
540400,林芝市,2,540000,1
540402,巴宜区,3,540400,1
540421,工布江达县,3,540400,1
540423,墨脱县,3,540400,1
540424,波密县,3,540400,1
540425,察隅县,3,540400,1
540426,朗县,3,540400,1
540481,米林市,3,540400,1
540500,山南市,2,540000,1
540502,乃东区,3,540500,1
540521,扎囊县,3,540500,1
540522,贡嘎县,3,540500,1
540523,桑日县,3,540500,1
540524,琼结县,3,540500,1
540525,曲松县,3,540500,1
540526,措美县,3,540500,1
540527,洛扎县,3,540500,1
540528,加查县,3,540500,1
540529,隆子县,3,540500,1
540531,浪卡子县,3,540500,1
540581,错那市,3,540500,1
540600,那曲市,2,540000,1
540602,色尼区,3,540600,1
540621,嘉黎县,3,540600,1
540622,比如县,3,540600,1
540623,聂荣县,3,540600,1
540624,安多县,3,540600,1
540625,申扎县,3,540600,1
540626,索县,3,540600,1
540627,班戈县,3,540600,1
540628,巴青县,3,540600,1
540629,尼玛县,3,540600,1
540630,双湖县,3,540600,1
542500,阿里地区,2,540000,1
542521,普兰县,3,542500,1
542522,札达县,3,542500,1
542523,噶尔县,3,542500,1
542524,日土县,3,542500,1
542525,革吉县,3,542500,1
542526,改则县,3,542500,1
542527,措勤县,3,542500,1
620000,甘肃省,1,,1
620100,兰州市,2,620000,1
620102,城关区,3,620100,1
620103,七里河区,3,620100,1
620104,西固区,3,620100,1
620105,安宁区,3,620100,1
620111,红古区,3,620100,1
620121,永登县,3,620100,1
620122,皋兰县,3,620100,1
620123,榆中县,3,620100,1
620200,嘉峪关市,2,620000,1
620300,金昌市,2,620000,1
620302,金川区,3,620300,1
620321,永昌县,3,620300,1
620400,白银市,2,620000,1
620402,白银区,3,620400,1
620403,平川区,3,620400,1
620421,靖远县,3,620400,1
620422,会宁县,3,620400,1
620423,景泰县,3,620400,1
620500,天水市,2,620000,1
620502,秦州区,3,620500,1
620503,麦积区,3,620500,1
620521,清水县,3,620500,1
620522,秦安县,3,620500,1
620523,甘谷县,3,620500,1
620524,武山县,3,620500,1
620525,张家川回族自治县,3,620500,1
620600,武威市,2,620000,1
620602,凉州区,3,620600,1
620621,民勤县,3,620600,1
620622,古浪县,3,620600,1
620623,天祝藏族自治县,3,620600,1
620700,张掖市,2,620000,1
620702,甘州区,3,620700,1
620721,肃南裕固族自治县,3,620700,1
620722,民乐县,3,620700,1
620723,临泽县,3,620700,1
620724,高台县,3,620700,1
620725,山丹县,3,620700,1
620800,平凉市,2,620000,1
620802,崆峒区,3,620800,1
620821,泾川县,3,620800,1
620822,灵台县,3,620800,1
620823,崇信县,3,620800,1
620825,庄浪县,3,620800,1
620826,静宁县,3,620800,1
620881,华亭市,3,620800,1
620900,酒泉市,2,620000,1
620902,肃州区,3,620900,1
620921,金塔县,3,620900,1
620922,瓜州县,3,620900,1
620923,肃北蒙古族自治县,3,620900,1
620924,阿克塞哈萨克族自治县,3,620900,1
620981,玉门市,3,620900,1
620982,敦煌市,3,620900,1
621000,庆阳市,2,620000,1
621002,西峰区,3,621000,1
621021,庆城县,3,621000,1
621022,环县,3,621000,1
621023,华池县,3,621000,1
621024,合水县,3,621000,1
621025,正宁县,3,621000,1
621026,宁县,3,621000,1
621027,镇原县,3,621000,1
621100,定西市,2,620000,1
621102,安定区,3,621100,1
621121,通渭县,3,621100,1
621122,陇西县,3,621100,1
621123,渭源县,3,621100,1
621124,临洮县,3,621100,1
621125,漳县,3,621100,1
621126,岷县,3,621100,1
621200,陇南市,2,620000,1
621202,武都区,3,621200,1
621221,成县,3,621200,1
621222,文县,3,621200,1
621223,宕昌县,3,621200,1
621224,康县,3,621200,1
621225,西和县,3,621200,1
621226,礼县,3,621200,1
621227,徽县,3,621200,1
621228,两当县,3,621200,1
622900,临夏回族自治州,2,620000,1
622901,临夏市,3,622900,1
622921,临夏县,3,622900,1
622922,康乐县,3,622900,1
622923,永靖县,3,622900,1
622924,广河县,3,622900,1
622925,和政县,3,622900,1
622926,东乡族自治县,3,622900,1
622927,积石山保安族东乡族撒拉族自治县,3,622900,1
623000,甘南藏族自治州,2,620000,1
623001,合作市,3,623000,1
623021,临潭县,3,623000,1
623022,卓尼县,3,623000,1
623023,舟曲县,3,623000,1
623024,迭部县,3,623000,1
623025,玛曲县,3,623000,1
623026,碌曲县,3,623000,1
623027,夏河县,3,623000,1
630000,青海省,1,,1
630100,西宁市,2,630000,1
630102,城东区,3,630100,1
630103,城中区,3,630100,1
630104,城西区,3,630100,1
630105,城北区,3,630100,1
630106,湟中区,3,630100,1
630121,大通回族土族自治县,3,630100,1
630123,湟源县,3,630100,1
630200,海东市,2,630000,1
630202,乐都区,3,630200,1
630203,平安区,3,630200,1
630222,民和回族土族自治县,3,630200,1
630223,互助土族自治县,3,630200,1
630224,化隆回族自治县,3,630200,1
630225,循化撒拉族自治县,3,630200,1
632200,海北藏族自治州,2,630000,1
632221,门源回族自治县,3,632200,1
632222,祁连县,3,632200,1
632223,海晏县,3,632200,1
632224,刚察县,3,632200,1
632300,黄南藏族自治州,2,630000,1
632301,同仁市,3,632300,1
632322,尖扎县,3,632300,1
632323,泽库县,3,632300,1
632324,河南蒙古族自治县,3,632300,1
632500,海南藏族自治州,2,630000,1
632521,共和县,3,632500,1
632522,同德县,3,632500,1
632523,贵德县,3,632500,1
632524,兴海县,3,632500,1
632525,贵南县,3,632500,1
632600,果洛藏族自治州,2,630000,1
632621,玛沁县,3,632600,1
632622,班玛县,3,632600,1
632623,甘德县,3,632600,1
632624,达日县,3,632600,1
632625,久治县,3,632600,1
632626,玛多县,3,632600,1
632700,玉树藏族自治州,2,630000,1
632701,玉树市,3,632700,1
632722,杂多县,3,632700,1
632723,称多县,3,632700,1
632724,治多县,3,632700,1
632725,囊谦县,3,632700,1
632726,曲麻莱县,3,632700,1
632800,海西蒙古族藏族自治州,2,630000,1
632801,格尔木市,3,632800,1
632802,德令哈市,3,632800,1
632803,茫崖市,3,632800,1
632821,乌兰县,3,632800,1
632822,都兰县,3,632800,1
632823,天峻县,3,632800,1
640000,宁夏回族自治区,1,,1
640100,银川市,2,640000,1
640104,兴庆区,3,640100,1
640105,西夏区,3,640100,1
640106,金凤区,3,640100,1
640121,永宁县,3,640100,1
640122,贺兰县,3,640100,1
640181,灵武市,3,640100,1
640200,石嘴山市,2,640000,1
640202,大武口区,3,640200,1
640205,惠农区,3,640200,1
640221,平罗县,3,640200,1
640300,吴忠市,2,640000,1
640302,利通区,3,640300,1
640303,红寺堡区,3,640300,1
640323,盐池县,3,640300,1
640324,同心县,3,640300,1
640381,青铜峡市,3,640300,1
640400,固原市,2,640000,1
640402,原州区,3,640400,1
640422,西吉县,3,640400,1
640423,隆德县,3,640400,1
640424,泾源县,3,640400,1
640425,彭阳县,3,640400,1
640500,中卫市,2,640000,1
640502,沙坡头区,3,640500,1
640521,中宁县,3,640500,1
640522,海原县,3,640500,1
650000,新疆维吾尔自治区,1,,1
650100,乌鲁木齐市,2,650000,1
650102,天山区,3,650100,1
650103,沙依巴克区,3,650100,1
650104,新市区,3,650100,1
650105,水磨沟区,3,650100,1
650106,头屯河区,3,650100,1
650107,达坂城区,3,650100,1
650109,米东区,3,650100,1
650121,乌鲁木齐县,3,650100,1
650200,克拉玛依市,2,650000,1
650202,独山子区,3,650200,1
650203,克拉玛依区,3,650200,1
650204,白碱滩区,3,650200,1
650205,乌尔禾区,3,650200,1
650400,吐鲁番市,2,650000,1
650402,高昌区,3,650400,1
650421,鄯善县,3,650400,1
650422,托克逊县,3,650400,1
650500,哈密市,2,650000,1
650502,伊州区,3,650500,1
650521,巴里坤哈萨克自治县,3,650500,1
650522,伊吾县,3,650500,1
652300,昌吉回族自治州,2,650000,1
652301,昌吉市,3,652300,1
652302,阜康市,3,652300,1
652323,呼图壁县,3,652300,1
652324,玛纳斯县,3,652300,1
652325,奇台县,3,652300,1
652327,吉木萨尔县,3,652300,1
652328,木垒哈萨克自治县,3,652300,1
652700,博尔塔拉蒙古自治州,2,650000,1
652701,博乐市,3,652700,1
652702,阿拉山口市,3,652700,1
652722,精河县,3,652700,1
652723,温泉县,3,652700,1
652800,巴音郭楞蒙古自治州,2,650000,1
652801,库尔勒市,3,652800,1
652822,轮台县,3,652800,1
652823,尉犁县,3,652800,1
652824,若羌县,3,652800,1
652825,且末县,3,652800,1
652826,焉耆回族自治县,3,652800,1
652827,和静县,3,652800,1
652828,和硕县,3,652800,1
652829,博湖县,3,652800,1
652900,阿克苏地区,2,650000,1
652901,阿克苏市,3,652900,1
652902,库车市,3,652900,1
652922,温宿县,3,652900,1
652924,沙雅县,3,652900,1
652925,新和县,3,652900,1
652926,拜城县,3,652900,1
652927,乌什县,3,652900,1
652928,阿瓦提县,3,652900,1
652929,柯坪县,3,652900,1
653000,克孜勒苏柯尔克孜自治州,2,650000,1
653001,阿图什市,3,653000,1
653022,阿克陶县,3,653000,1
653023,阿合奇县,3,653000,1
653024,乌恰县,3,653000,1
653100,喀什地区,2,650000,1
653101,喀什市,3,653100,1
653121,疏附县,3,653100,1
653122,疏勒县,3,653100,1
653123,英吉沙县,3,653100,1
653124,泽普县,3,653100,1
653125,莎车县,3,653100,1
653126,叶城县,3,653100,1
653127,麦盖提县,3,653100,1
653128,岳普湖县,3,653100,1
653129,伽师县,3,653100,1
653130,巴楚县,3,653100,1
653131,塔什库尔干塔吉克自治县,3,653100,1
653200,和田地区,2,650000,1
653201,和田市,3,653200,1
653221,和田县,3,653200,1
653222,墨玉县,3,653200,1
653223,皮山县,3,653200,1
653224,洛浦县,3,653200,1
653225,策勒县,3,653200,1
653226,于田县,3,653200,1
653227,民丰县,3,653200,1
654000,伊犁哈萨克自治州,2,650000,1
654002,伊宁市,3,654000,1
654003,奎屯市,3,654000,1
654004,霍尔果斯市,3,654000,1
654021,伊宁县,3,654000,1
654022,察布查尔锡伯自治县,3,654000,1
654023,霍城县,3,654000,1
654024,巩留县,3,654000,1
654025,新源县,3,654000,1
654026,昭苏县,3,654000,1
654027,特克斯县,3,654000,1
654028,尼勒克县,3,654000,1
654200,塔城地区,2,654000,1
654201,塔城市,3,654000,1
654202,乌苏市,3,654000,1
654203,沙湾市,3,654000,1
654221,额敏县,3,654000,1
654224,托里县,3,654000,1
654225,裕民县,3,654000,1
654226,和布克赛尔蒙古自治县,3,654000,1
654300,阿勒泰地区,2,654000,1
654301,阿勒泰市,3,654000,1
654321,布尔津县,3,654000,1
654322,富蕴县,3,654000,1
654323,福海县,3,654000,1
654324,哈巴河县,3,654000,1
654325,青河县,3,654000,1
654326,吉木乃县,3,654000,1
659000,自治区直辖县级行政区划,2,650000,1
659001,石河子市,3,650000,1
659002,阿拉尔市,3,650000,1
659003,图木舒克市,3,650000,1
659004,五家渠市,3,650000,1
659005,北屯市,3,650000,1
659006,铁门关市,3,650000,1
659007,双河市,3,650000,1
659008,可克达拉市,3,650000,1
659009,昆玉市,3,650000,1
659010,胡杨河市,3,650000,1
659011,新星市,3,650000,1
659012,白杨市,3,650000,1
710000,台湾省,1,,1
710100,台北市,2,710000,1
710101,松山区,3,710100,1
710102,信义区,3,710100,1
710103,大安区,3,710100,1
710104,中山区,3,710100,1
710105,中正区,3,710100,1
710106,大同区,3,710100,1
710107,万华区,3,710100,1
710108,文山区,3,710100,1
710109,南港区,3,710100,1
710110,内湖区,3,710100,1
710111,士林区,3,710100,1
710112,北投区,3,710100,1
710200,高雄市,2,710000,1
710201,盐埕区,3,710200,1
710202,鼓山区,3,710200,1
710203,左营区,3,710200,1
710204,楠梓区,3,710200,1
710205,三民区,3,710200,1
710206,新兴区,3,710200,1
710207,前金区,3,710200,1
710208,苓雅区,3,710200,1
710209,前镇区,3,710200,1
710210,旗津区,3,710200,1
710211,小港区,3,710200,1
710212,凤山区,3,710200,1
710213,林园区,3,710200,1
710214,大寮区,3,710200,1
710215,大树区,3,710200,1
710216,大社区,3,710200,1
710217,仁武区,3,710200,1
710218,鸟松区,3,710200,1
710219,冈山区,3,710200,1
710220,桥头区,3,710200,1
710221,燕巢区,3,710200,1
710222,田寮区,3,710200,1
710223,阿莲区,3,710200,1
710224,路竹区,3,710200,1
710225,湖内区,3,710200,1
710226,茄萣区,3,710200,1
710227,永安区,3,710200,1
710228,弥陀区,3,710200,1
710229,梓官区,3,710200,1
710230,旗山区,3,710200,1
710231,美浓区,3,710200,1
710232,六龟区,3,710200,1
710233,甲仙区,3,710200,1
710234,杉林区,3,710200,1
710235,内门区,3,710200,1
710236,茂林区,3,710200,1
710237,桃源区,3,710200,1
710238,那玛夏区,3,710200,1
710300,基隆市,2,710000,1
710301,中正区,3,710300,1
710302,七堵区,3,710300,1
710303,暖暖区,3,710300,1
710304,仁爱区,3,710300,1
710305,中山区,3,710300,1
710306,安乐区,3,710300,1
710307,信义区,3,710300,1
710400,台中市,2,710000,1
710401,中区,3,710400,1
710402,东区,3,710400,1
710403,南区,3,710400,1
710404,西区,3,710400,1
710405,北区,3,710400,1
710406,西屯区,3,710400,1
710407,南屯区,3,710400,1
710408,北屯区,3,710400,1
710409,丰原区,3,710400,1
710410,东势区,3,710400,1
710411,大甲区,3,710400,1
710412,清水区,3,710400,1
710413,沙鹿区,3,710400,1
710414,梧栖区,3,710400,1
710415,后里区,3,710400,1
710416,神冈区,3,710400,1
710417,潭子区,3,710400,1
710418,大雅区,3,710400,1
710419,新社区,3,710400,1
710420,石冈区,3,710400,1
710421,外埔区,3,710400,1
710422,大安区,3,710400,1
710423,乌日区,3,710400,1
710424,大肚区,3,710400,1
710425,龙井区,3,710400,1
710426,雾峰区,3,710400,1
710427,太平区,3,710400,1
710428,大里区,3,710400,1
710429,和平区,3,710400,1
710500,台南市,2,710000,1
710501,东区,3,710500,1
710502,南区,3,710500,1
710504,北区,3,710500,1
710506,安南区,3,710500,1
710507,安平区,3,710500,1
710508,中西区,3,710500,1
710509,新营区,3,710500,1
710510,盐水区,3,710500,1
710511,白河区,3,710500,1
710512,柳营区,3,710500,1
710513,后壁区,3,710500,1
710514,东山区,3,710500,1
710515,麻豆区,3,710500,1
710516,下营区,3,710500,1
710517,六甲区,3,710500,1
710518,官田区,3,710500,1
710519,大内区,3,710500,1
710520,佳里区,3,710500,1
710521,学甲区,3,710500,1
710522,西港区,3,710500,1
710523,七股区,3,710500,1
710524,将军区,3,710500,1
710525,北门区,3,710500,1
710526,新化区,3,710500,1
710527,善化区,3,710500,1
710528,新市区,3,710500,1
710529,安定区,3,710500,1
710530,山上区,3,710500,1
710531,玉井区,3,710500,1
710532,楠西区,3,710500,1
710533,南化区,3,710500,1
710534,左镇区,3,710500,1
710535,仁德区,3,710500,1
710536,归仁区,3,710500,1
710537,关庙区,3,710500,1
710538,龙崎区,3,710500,1
710539,永康区,3,710500,1
710600,新竹市,2,710000,1
710601,东区,3,710600,1
710602,北区,3,710600,1
710603,香山区,3,710600,1
710700,嘉义市,2,710000,1
710701,东区,3,710700,1
710702,西区,3,710700,1
710800,新北市,2,710000,1
710801,板桥区,3,710800,1
710802,三重区,3,710800,1
710803,中和区,3,710800,1
710804,永和区,3,710800,1
710805,新庄区,3,710800,1
710806,新店区,3,710800,1
710807,树林区,3,710800,1
710808,莺歌区,3,710800,1
710809,三峡区,3,710800,1
710810,淡水区,3,710800,1
710811,汐止区,3,710800,1
710812,瑞芳区,3,710800,1
710813,土城区,3,710800,1
710814,芦洲区,3,710800,1
710815,五股区,3,710800,1
710816,泰山区,3,710800,1
710817,林口区,3,710800,1
710818,深坑区,3,710800,1
710819,石碇区,3,710800,1
710820,坪林区,3,710800,1
710821,三芝区,3,710800,1
710822,石门区,3,710800,1
710823,八里区,3,710800,1
710824,平溪区,3,710800,1
710825,双溪区,3,710800,1
710826,贡寮区,3,710800,1
710827,金山区,3,710800,1
710828,万里区,3,710800,1
710829,乌来区,3,710800,1
710900,桃园市,2,710000,1
710901,桃园区,3,710900,1
710902,中坜区,3,710900,1
710903,平镇区,3,710900,1
710904,八德区,3,710900,1
710905,杨梅区,3,710900,1
710906,大溪区,3,710900,1
710907,芦竹区,3,710900,1
710908,大园区,3,710900,1
710909,龟山区,3,710900,1
710910,龙潭区,3,710900,1
710911,新屋区,3,710900,1
710912,观音区,3,710900,1
710913,复兴区,3,710900,1
712200,宜兰县,2,710000,1
712201,宜兰市,3,712200,1
712221,罗东镇,3,712200,1
712222,苏澳镇,3,712200,1
712223,头城镇,3,712200,1
712224,礁溪乡,3,712200,1
712225,壮围乡,3,712200,1
712226,员山乡,3,712200,1
712227,冬山乡,3,712200,1
712228,五结乡,3,712200,1
712229,三星乡,3,712200,1
712230,大同乡,3,712200,1
712231,南澳乡,3,712200,1
712400,新竹县,2,710000,1
712401,竹北市,3,712400,1
712421,竹东镇,3,712400,1
712422,新埔镇,3,712400,1
712423,关西镇,3,712400,1
712424,湖口乡,3,712400,1
712425,新丰乡,3,712400,1
712426,芎林乡,3,712400,1
712427,横山乡,3,712400,1
712428,北埔乡,3,712400,1
712429,宝山乡,3,712400,1
712430,峨眉乡,3,712400,1
712431,尖石乡,3,712400,1
712432,五峰乡,3,712400,1
712500,苗栗县,2,710000,1
712501,苗栗市,3,712500,1
712502,头份市,3,712500,1
712521,苑里镇,3,712500,1
712522,通霄镇,3,712500,1
712523,竹南镇,3,712500,1
712525,后龙镇,3,712500,1
712526,卓兰镇,3,712500,1
712527,大湖乡,3,712500,1
712528,公馆乡,3,712500,1
712529,铜锣乡,3,712500,1
712530,南庄乡,3,712500,1
712531,头屋乡,3,712500,1
712532,三义乡,3,712500,1
712533,西湖乡,3,712500,1
712534,造桥乡,3,712500,1
712535,三湾乡,3,712500,1
712536,狮潭乡,3,712500,1
712537,泰安乡,3,712500,1
712700,彰化县,2,710000,1
712701,彰化市,3,712700,1
712702,员林市,3,712700,1
712721,鹿港镇,3,712700,1
712722,和美镇,3,712700,1
712723,线西乡,3,712700,1
712724,伸港乡,3,712700,1
712725,福兴乡,3,712700,1
712726,秀水乡,3,712700,1
712727,花坛乡,3,712700,1
712728,芬园乡,3,712700,1
712730,溪湖镇,3,712700,1
712731,田中镇,3,712700,1
712732,大村乡,3,712700,1
712733,埔盐乡,3,712700,1
712734,埔心乡,3,712700,1
712735,永靖乡,3,712700,1
712736,社头乡,3,712700,1
712737,二水乡,3,712700,1
712738,北斗镇,3,712700,1
712739,二林镇,3,712700,1
712740,田尾乡,3,712700,1
712741,埤头乡,3,712700,1
712742,芳苑乡,3,712700,1
712743,大城乡,3,712700,1
712744,竹塘乡,3,712700,1
712745,溪州乡,3,712700,1
712800,南投县,2,710000,1
712801,南投市,3,712800,1
712821,埔里镇,3,712800,1
712822,草屯镇,3,712800,1
712823,竹山镇,3,712800,1
712824,集集镇,3,712800,1
712825,名间乡,3,712800,1
712826,鹿谷乡,3,712800,1
712827,中寮乡,3,712800,1
712828,鱼池乡,3,712800,1
712829,国姓乡,3,712800,1
712830,水里乡,3,712800,1
712831,信义乡,3,712800,1
712832,仁爱乡,3,712800,1
712900,云林县,2,710000,1
712901,斗六市,3,712900,1
712921,斗南镇,3,712900,1
712922,虎尾镇,3,712900,1
712923,西螺镇,3,712900,1
712924,土库镇,3,712900,1
712925,北港镇,3,712900,1
712926,古坑乡,3,712900,1
712927,大埤乡,3,712900,1
712928,莿桐乡,3,712900,1
712929,林内乡,3,712900,1
712930,二仑乡,3,712900,1
712931,仑背乡,3,712900,1
712932,麦寮乡,3,712900,1
712933,东势乡,3,712900,1
712934,褒忠乡,3,712900,1
712935,台西乡,3,712900,1
712936,元长乡,3,712900,1
712937,四湖乡,3,712900,1
712938,口湖乡,3,712900,1
712939,水林乡,3,712900,1
713000,嘉义县,2,710000,1
713001,太保市,3,713000,1
713002,朴子市,3,713000,1
713023,布袋镇,3,713000,1
713024,大林镇,3,713000,1
713025,民雄乡,3,713000,1
713026,溪口乡,3,713000,1
713027,新港乡,3,713000,1
713028,六脚乡,3,713000,1
713029,东石乡,3,713000,1
713030,义竹乡,3,713000,1
713031,鹿草乡,3,713000,1
713032,水上乡,3,713000,1
713033,中埔乡,3,713000,1
713034,竹崎乡,3,713000,1
713035,梅山乡,3,713000,1
713036,番路乡,3,713000,1
713037,大埔乡,3,713000,1
713038,阿里山乡,3,713000,1
713300,屏东县,2,710000,1
713301,屏东市,3,713300,1
713321,潮州镇,3,713300,1
713322,东港镇,3,713300,1
713323,恒春镇,3,713300,1
713324,万丹乡,3,713300,1
713325,长治乡,3,713300,1
713326,麟洛乡,3,713300,1
713327,九如乡,3,713300,1
713328,里港乡,3,713300,1
713329,盐埔乡,3,713300,1
713330,高树乡,3,713300,1
713331,万峦乡,3,713300,1
713332,内埔乡,3,713300,1
713333,竹田乡,3,713300,1
713334,新埤乡,3,713300,1
713335,枋寮乡,3,713300,1
713336,新园乡,3,713300,1
713337,崁顶乡,3,713300,1
713338,林边乡,3,713300,1
713339,南州乡,3,713300,1
713340,佳冬乡,3,713300,1
713341,琉球乡,3,713300,1
713342,车城乡,3,713300,1
713343,满州乡,3,713300,1
713344,枋山乡,3,713300,1
713345,三地门乡,3,713300,1
713346,雾台乡,3,713300,1
713347,玛家乡,3,713300,1
713348,泰武乡,3,713300,1
713349,来义乡,3,713300,1
713350,春日乡,3,713300,1
713351,狮子乡,3,713300,1
713352,牡丹乡,3,713300,1
713400,台东县,2,710000,1
713401,台东市,3,713400,1
713421,成功镇,3,713400,1
713422,关山镇,3,713400,1
713423,卑南乡,3,713400,1
713424,鹿野乡,3,713400,1
713425,池上乡,3,713400,1
713426,东河乡,3,713400,1
713427,长滨乡,3,713400,1
713428,太麻里乡,3,713400,1
713429,大武乡,3,713400,1
713430,绿岛乡,3,713400,1
713431,海端乡,3,713400,1
713432,延平乡,3,713400,1
713433,金峰乡,3,713400,1
713434,达仁乡,3,713400,1
713435,兰屿乡,3,713400,1
713500,花莲县,2,710000,1
713501,花莲市,3,713500,1
713521,凤林镇,3,713500,1
713522,玉里镇,3,713500,1
713523,新城乡,3,713500,1
713524,吉安乡,3,713500,1
713525,寿丰乡,3,713500,1
713526,光复乡,3,713500,1
713527,丰滨乡,3,713500,1
713528,瑞穗乡,3,713500,1
713529,富里乡,3,713500,1
713530,秀林乡,3,713500,1
713531,万荣乡,3,713500,1
713532,卓溪乡,3,713500,1
713600,澎湖县,2,710000,1
713601,马公市,3,713600,1
713621,湖西乡,3,713600,1
713622,白沙乡,3,713600,1
713623,西屿乡,3,713600,1
713624,望安乡,3,713600,1
713625,七美乡,3,713600,1
810000,香港特别行政区,1,,1
811000,香港岛,2,810000,1
811100,中西区,2,810000,1
811101,坚尼地城街道,3,811000,1
811102,石塘咀街道,3,811000,1
811103,西营盘街道,3,811000,1
811104,上环街道,3,811000,1
811105,中环街道,3,811000,1
811106,金钟街道,3,811000,1
811107,西半山镇,3,811000,1
811108,中半山镇,3,811000,1
811121,山顶乡,3,811000,1
811200,湾仔区,2,810000,1
811201,湾仔街道,3,811000,1
811202,铜锣湾街道,3,811000,1
811203,跑马地街道,3,811000,1
811221,东半山乡,3,811000,1
811300,东区,2,810000,1
811301,北角镇,3,811000,1
811302,鲗鱼涌镇,3,811000,1
811303,西湾河镇,3,811000,1
811304,筲箕湾镇,3,811000,1
811305,柴湾镇,3,811000,1
811321,北角半山乡,3,811000,1
811400,南区,2,810000,1
811401,香港仔镇,3,811000,1
811402,黄竹坑镇,3,811000,1
811403,鸭脷洲镇,3,811000,1
811421,薄扶林乡,3,811000,1
811422,深水湾乡,3,811000,1
811423,浅水湾乡,3,811000,1
811424,舂坎角乡,3,811000,1
811425,赤柱乡,3,811000,1
811426,大潭乡,3,811000,1
811427,石澳乡,3,811000,1
812000,九龙,2,810000,1
812100,油尖旺区,2,810000,1
812101,油麻地街道,3,812000,1
812102,尖沙咀街道,3,812000,1
812103,旺角街道,3,812000,1
812104,大角咀街道,3,812000,1
812200,深水埗区,2,810000,1
812201,深水埗街道,3,812000,1
812202,石硖尾街道,3,812000,1
812203,又一村街道,3,812000,1
812204,长沙湾街道,3,812000,1
812205,荔枝角街道,3,812000,1
812206,昂船洲街道,3,812000,1
812300,九龙城区,2,810000,1
812301,九龙城街道,3,812000,1
812302,九龙塘街道,3,812000,1
812303,何文田街道,3,812000,1
812304,红磡街道,3,812000,1
812305,土瓜湾街道,3,812000,1
812306,启德街道,3,812000,1
812400,黄大仙区,2,810000,1
812401,黄大仙街道,3,812000,1
812402,横头磡街道,3,812000,1
812403,乐富街道,3,812000,1
812404,新蒲岗街道,3,812000,1
812405,慈云山镇,3,812000,1
812406,钻石山镇,3,812000,1
812407,牛池湾镇,3,812000,1
812500,观塘区,2,810000,1
812501,观塘街道,3,812000,1
812502,九龙湾街道,3,812000,1
812503,牛头角街道,3,812000,1
812504,秀茂坪镇,3,812000,1
812505,蓝田镇,3,812000,1
812506,茶果岭镇,3,812000,1
812507,油塘镇,3,812000,1
813000,新界,2,810000,1
813100,葵青区,2,810000,1
813101,葵涌镇,3,813000,1
813102,青衣镇,3,813000,1
813200,荃湾区,2,810000,1
813201,荃湾镇,3,813000,1
813221,汀九乡,3,813000,1
813222,深井乡,3,813000,1
813223,马湾乡,3,813000,1
813300,屯门区,2,810000,1
813301,屯门镇,3,813000,1
813302,蓝地镇,3,813000,1
813321,屯门乡,3,813000,1
813322,大榄乡,3,813000,1
813323,扫管笏乡,3,813000,1
813324,小榄乡,3,813000,1
813400,元朗区,2,810000,1
813401,元朗镇,3,813000,1
813402,天水围镇,3,813000,1
813403,十八乡镇,3,813000,1
813404,洪水桥镇,3,813000,1
813421,屏山乡,3,813000,1
813422,厦村乡,3,813000,1
813423,流浮山乡,3,813000,1
813424,大棠乡,3,813000,1
813425,锦田乡,3,813000,1
813426,八乡,3,813000,1
813427,石岗乡,3,813000,1
813428,潭尾乡,3,813000,1
813429,新田乡,3,813000,1
813430,米埔乡,3,813000,1
813500,北区,2,810000,1
813501,上水镇,3,813000,1
813502,粉岭镇,3,813000,1
813503,古洞镇,3,813000,1
813521,上水乡,3,813000,1
813522,粉岭乡,3,813000,1
813523,军地乡,3,813000,1
813524,坪𪨶乡,3,813000,1
813525,打鼓岭乡,3,813000,1
813526,沙头角乡,3,813000,1
813527,吉澳乡,3,813000,1
813600,大埔区,2,810000,1
813601,大埔镇,3,813000,1
813621,大埔滘乡,3,813000,1
813622,林村乡,3,813000,1
813623,汀角乡,3,813000,1
813624,西贡北乡,3,813000,1
813625,塔门乡,3,813000,1
813700,沙田区,2,810000,1
813701,沙田镇,3,813000,1
813702,大围镇,3,813000,1
813703,火炭镇,3,813000,1
813704,马鞍山镇,3,813000,1
813721,小沥源乡,3,813000,1
813800,西贡区,2,810000,1
813801,西贡镇,3,813000,1
813802,将军澳镇,3,813000,1
813821,西贡乡,3,813000,1
813822,坑口乡,3,813000,1
813900,离岛区,2,810000,1
813901,大屿山东涌镇,3,813000,1
813902,大屿山赤𫚭角镇,3,813000,1
813903,大屿山梅窝镇,3,813000,1
813904,大屿山愉景湾镇,3,813000,1
813921,大屿山昂平乡,3,813000,1
813922,大屿山大澳乡,3,813000,1
813923,大屿山石壁乡,3,813000,1
813924,大屿山塘福乡,3,813000,1
813925,大屿山长沙乡,3,813000,1
813926,大屿山芝麻湾乡,3,813000,1
813927,坪洲乡,3,813000,1
813928,喜灵洲乡,3,813000,1
813929,长洲乡,3,813000,1
813930,石鼓洲乡,3,813000,1
813931,南丫北乡,3,813000,1
813932,南丫南乡,3,813000,1
820000,澳门特别行政区,1,,1
820100,澳门半岛,2,820000,1
820101,花地玛堂区,3,820000,1
820102,圣安多尼堂区,3,820000,1
820103,大堂区,3,820000,1
820104,望德堂区,3,820000,1
820105,风顺堂区,3,820000,1
820200,氹仔岛,2,820000,1
820201,嘉模堂区,3,820000,1
820300,路环岛,2,820000,1
820301,圣方济各堂区,3,820000,1
820400,非堂区,2,820000,1
820401,路氹城,3,820000,1
820402,澳门新城区,3,820000,1
150000,内蒙古自治区,1,,1
150100,呼和浩特市,2,150000,1
150200,包头市,2,150000,1
150300,乌海市,2,150000,1
150400,赤峰市,2,150000,1
150500,通辽市,2,150000,1
150600,鄂尔多斯市,2,150000,1
150700,呼伦贝尔市,2,150000,1
150800,巴彦淖尔市,2,150000,1
150900,乌兰察布市,2,150000,1
152200,兴安盟,2,150000,1
152500,锡林郭勒盟,2,150000,1
152900,阿拉善盟,2,150000,1
150102,新城区,3,150100,1
150103,回民区,3,150100,1
150104,玉泉区,3,150100,1
150105,赛罕区,3,150100,1
150121,土默特左旗,3,150100,1
150122,托克托县,3,150100,1
150123,和林格尔县,3,150100,1
150124,清水河县,3,150100,1
150125,武川县,3,150100,1
150202,东河区,3,150200,1
150203,昆都仑区,3,150200,1
150204,青山区,3,150200,1
150205,石拐区,3,150200,1
150206,白云鄂博矿区,3,150200,1
150207,九原区,3,150200,1
150221,土默特右旗,3,150200,1
150222,固阳县,3,150200,1
150223,达尔罕茂明安联合旗,3,150200,1
150302,海勃湾区,3,150300,1
150303,海南区,3,150300,1
150304,乌达区,3,150300,1
150402,红山区,3,150400,1
150403,元宝山区,3,150400,1
150404,松山区,3,150400,1
150421,阿鲁科尔沁旗,3,150400,1
150422,巴林左旗,3,150400,1
150423,巴林右旗,3,150400,1
150424,林西县,3,150400,1
150425,克什克腾旗,3,150400,1
150426,翁牛特旗,3,150400,1
150428,喀喇沁旗,3,150400,1
150429,宁城县,3,150400,1
150430,敖汉旗,3,150400,1
150502,科尔沁区,3,150500,1
150521,科尔沁左翼中旗,3,150500,1
150522,科尔沁左翼后旗,3,150500,1
150523,开鲁县,3,150500,1
150524,库伦旗,3,150500,1
150525,奈曼旗,3,150500,1
150526,扎鲁特旗,3,150500,1
150581,霍林郭勒市,3,150500,1
150602,东胜区,3,150600,1
150603,康巴什区,3,150600,1
150621,达拉特旗,3,150600,1
150622,准格尔旗,3,150600,1
150623,鄂托克前旗,3,150600,1
150624,鄂托克旗,3,150600,1
150625,杭锦旗,3,150600,1
150626,乌审旗,3,150600,1
150627,伊金霍洛旗,3,150600,1
150702,海拉尔区,3,150700,1
150703,扎赉诺尔区,3,150700,1
150721,阿荣旗,3,150700,1
150722,莫力达瓦达斡尔族自治旗,3,150700,1
150723,鄂伦春自治旗,3,150700,1
150724,鄂温克族自治旗,3,150700,1
150725,陈巴尔虎旗,3,150700,1
150726,新巴尔虎左旗,3,150700,1
150727,新巴尔虎右旗,3,150700,1
150781,满洲里市,3,150700,1
150782,牙克石市,3,150700,1
150783,扎兰屯市,3,150700,1
150784,额尔古纳市,3,150700,1
150785,根河市,3,150700,1
150802,临河区,3,150800,1
150821,五原县,3,150800,1
150822,磴口县,3,150800,1
150823,乌拉特前旗,3,150800,1
150824,乌拉特中旗,3,150800,1
150825,乌拉特后旗,3,150800,1
150826,杭锦后旗,3,150800,1
150902,集宁区,3,150900,1
150921,卓资县,3,150900,1
150922,化德县,3,150900,1
150923,商都县,3,150900,1
150924,兴和县,3,150900,1
150925,凉城县,3,150900,1
150926,察哈尔右翼前旗,3,150900,1
150927,察哈尔右翼中旗,3,150900,1
150928,察哈尔右翼后旗,3,150900,1
150929,四子王旗,3,150900,1
150981,丰镇市,3,150900,1
152201,乌兰浩特市,3,152200,1
152202,阿尔山市,3,152200,1
152221,科尔沁右翼前旗,3,152200,1
152222,科尔沁右翼中旗,3,152200,1
152223,扎赉特旗,3,152200,1
152224,突泉县,3,152200,1
152501,二连浩特市,3,152500,1
152502,锡林浩特市,3,152500,1
152522,阿巴嘎旗,3,152500,1
152523,苏尼特左旗,3,152500,1
152524,苏尼特右旗,3,152500,1
152525,东乌珠穆沁旗,3,152500,1
152526,西乌珠穆沁旗,3,152500,1
152527,太仆寺旗,3,152500,1
152528,镶黄旗,3,152500,1
152529,正镶白旗,3,152500,1
152530,正蓝旗,3,152500,1
152531,多伦县,3,152500,1
152921,阿拉善左旗,3,152900,1
152922,阿拉善右旗,3,152900,1
152923,额济纳旗,3,152900,1
210000,辽宁省,1,,1
210100,沈阳市,2,210000,1
210200,大连市,2,210000,1
210300,鞍山市,2,210000,1
210400,抚顺市,2,210000,1
210500,本溪市,2,210000,1
210600,丹东市,2,210000,1
210700,锦州市,2,210000,1
210800,营口市,2,210000,1
210900,阜新市,2,210000,1
211000,辽阳市,2,210000,1
211100,盘锦市,2,210000,1
211200,铁岭市,2,210000,1
211300,朝阳市,2,210000,1
211400,葫芦岛市,2,210000,1
210102,和平区,3,210100,1
210103,沈河区,3,210100,1
210104,大东区,3,210100,1
210105,皇姑区,3,210100,1
210106,铁西区,3,210100,1
210111,苏家屯区,3,210100,1
210112,浑南区,3,210100,1
210113,沈北新区,3,210100,1
210114,于洪区,3,210100,1
210115,辽中区,3,210100,1
210123,康平县,3,210100,1
210124,法库县,3,210100,1
210181,新民市,3,210100,1
210202,中山区,3,210200,1
210203,西岗区,3,210200,1
210204,沙河口区,3,210200,1
210211,甘井子区,3,210200,1
210212,旅顺口区,3,210200,1
210213,金州区,3,210200,1
210214,普兰店区,3,210200,1
210224,长海县,3,210200,1
210281,瓦房店市,3,210200,1
210283,庄河市,3,210200,1
210302,铁东区,3,210300,1
210303,铁西区,3,210300,1
210304,立山区,3,210300,1
210311,千山区,3,210300,1
210321,台安县,3,210300,1
210323,岫岩满族自治县,3,210300,1
210381,海城市,3,210300,1
210402,新抚区,3,210400,1
210403,东洲区,3,210400,1
210404,望花区,3,210400,1
210411,顺城区,3,210400,1
210421,抚顺县,3,210400,1
210422,新宾满族自治县,3,210400,1
210423,清原满族自治县,3,210400,1
210502,平山区,3,210500,1
210503,溪湖区,3,210500,1
210504,明山区,3,210500,1
210505,南芬区,3,210500,1
210521,本溪满族自治县,3,210500,1
210522,桓仁满族自治县,3,210500,1
210602,元宝区,3,210600,1
210603,振兴区,3,210600,1
210604,振安区,3,210600,1
210624,宽甸满族自治县,3,210600,1
210681,东港市,3,210600,1
210682,凤城市,3,210600,1
210702,古塔区,3,210700,1
210703,凌河区,3,210700,1
210711,太和区,3,210700,1
210726,黑山县,3,210700,1
210727,义县,3,210700,1
210781,凌海市,3,210700,1
210782,北镇市,3,210700,1
210802,站前区,3,210800,1
210803,西市区,3,210800,1
210804,鲅鱼圈区,3,210800,1
210811,老边区,3,210800,1
210881,盖州市,3,210800,1
210882,大石桥市,3,210800,1
210902,海州区,3,210900,1
210903,新邱区,3,210900,1
210904,太平区,3,210900,1
210905,清河门区,3,210900,1
210911,细河区,3,210900,1
210921,阜新蒙古族自治县,3,210900,1
210922,彰武县,3,210900,1
211002,白塔区,3,211000,1
211003,文圣区,3,211000,1
211004,宏伟区,3,211000,1
211005,弓长岭区,3,211000,1
211011,太子河区,3,211000,1
211021,辽阳县,3,211000,1
211081,灯塔市,3,211000,1
211102,双台子区,3,211100,1
211103,兴隆台区,3,211100,1
211104,大洼区,3,211100,1
211122,盘山县,3,211100,1
211202,银州区,3,211200,1
211204,清河区,3,211200,1
211221,铁岭县,3,211200,1
211223,西丰县,3,211200,1
211224,昌图县,3,211200,1
211281,调兵山市,3,211200,1
211282,开原市,3,211200,1
211302,双塔区,3,211300,1
211303,龙城区,3,211300,1
211321,朝阳县,3,211300,1
211322,建平县,3,211300,1
211324,喀喇沁左翼蒙古族自治县,3,211300,1
211381,北票市,3,211300,1
211382,凌源市,3,211300,1
211402,连山区,3,211400,1
211403,龙港区,3,211400,1
211404,南票区,3,211400,1
211421,绥中县,3,211400,1
211422,建昌县,3,211400,1
211481,兴城市,3,211400,1
220000,吉林省,1,,1
220100,长春市,2,220000,1
220200,吉林市,2,220000,1
220300,四平市,2,220000,1
220400,辽源市,2,220000,1
220500,通化市,2,220000,1
220600,白山市,2,220000,1
220700,松原市,2,220000,1
220800,白城市,2,220000,1
222400,延边朝鲜族自治州,2,220000,1
220102,南关区,3,220100,1
220103,宽城区,3,220100,1
220104,朝阳区,3,220100,1
220105,二道区,3,220100,1
220106,绿园区,3,220100,1
220112,双阳区,3,220100,1
220113,九台区,3,220100,1
220122,农安县,3,220100,1
220182,榆树市,3,220100,1
220183,德惠市,3,220100,1
220184,公主岭市,3,220100,1
220202,昌邑区,3,220200,1
220203,龙潭区,3,220200,1
220204,船营区,3,220200,1
220211,丰满区,3,220200,1
220221,永吉县,3,220200,1
220281,蛟河市,3,220200,1
220282,桦甸市,3,220200,1
220283,舒兰市,3,220200,1
220284,磐石市,3,220200,1
220302,铁西区,3,220300,1
220303,铁东区,3,220300,1
220322,梨树县,3,220300,1
220323,伊通满族自治县,3,220300,1
220382,双辽市,3,220300,1
220402,龙山区,3,220400,1
220403,西安区,3,220400,1
220421,东丰县,3,220400,1
220422,东辽县,3,220400,1
220502,东昌区,3,220500,1
220503,二道江区,3,220500,1
220521,通化县,3,220500,1
220523,辉南县,3,220500,1
220524,柳河县,3,220500,1
220581,梅河口市,3,220500,1
220582,集安市,3,220500,1
220602,浑江区,3,220600,1
220605,江源区,3,220600,1
220621,抚松县,3,220600,1
220622,靖宇县,3,220600,1
220623,长白朝鲜族自治县,3,220600,1
220681,临江市,3,220600,1
220702,宁江区,3,220700,1
220721,前郭尔罗斯蒙古族自治县,3,220700,1
220722,长岭县,3,220700,1
220723,乾安县,3,220700,1
220781,扶余市,3,220700,1
220802,洮北区,3,220800,1
220821,镇赉县,3,220800,1
220822,通榆县,3,220800,1
220881,洮南市,3,220800,1
220882,大安市,3,220800,1
222401,延吉市,3,222400,1
222402,图们市,3,222400,1
222403,敦化市,3,222400,1
222404,珲春市,3,222400,1
222405,龙井市,3,222400,1
222406,和龙市,3,222400,1
222424,汪清县,3,222400,1
222426,安图县,3,222400,1
230000,黑龙江省,1,,1
230100,哈尔滨市,2,230000,1
230200,齐齐哈尔市,2,230000,1
230300,鸡西市,2,230000,1
230400,鹤岗市,2,230000,1
230500,双鸭山市,2,230000,1
230600,大庆市,2,230000,1
230700,伊春市,2,230000,1
230800,佳木斯市,2,230000,1
230900,七台河市,2,230000,1
231000,牡丹江市,2,230000,1
231100,黑河市,2,230000,1
231200,绥化市,2,230000,1
232700,大兴安岭地区,2,230000,1
230102,道里区,3,230100,1
230103,南岗区,3,230100,1
230104,道外区,3,230100,1
230108,平房区,3,230100,1
230109,松北区,3,230100,1
230110,香坊区,3,230100,1
230111,呼兰区,3,230100,1
230112,阿城区,3,230100,1
230113,双城区,3,230100,1
230123,依兰县,3,230100,1
230124,方正县,3,230100,1
230125,宾县,3,230100,1
230126,巴彦县,3,230100,1
230127,木兰县,3,230100,1
230128,通河县,3,230100,1
230129,延寿县,3,230100,1
230183,尚志市,3,230100,1
230184,五常市,3,230100,1
230202,龙沙区,3,230200,1
230203,建华区,3,230200,1
230204,铁锋区,3,230200,1
230205,昂昂溪区,3,230200,1
230206,富拉尔基区,3,230200,1
230207,碾子山区,3,230200,1
230208,梅里斯达斡尔族区,3,230200,1
230221,龙江县,3,230200,1
230223,依安县,3,230200,1
230224,泰来县,3,230200,1
230225,甘南县,3,230200,1
230227,富裕县,3,230200,1
230229,克山县,3,230200,1
230230,克东县,3,230200,1
230231,拜泉县,3,230200,1
230281,讷河市,3,230200,1
230302,鸡冠区,3,230300,1
230303,恒山区,3,230300,1
230304,滴道区,3,230300,1
230305,梨树区,3,230300,1
230306,城子河区,3,230300,1
230307,麻山区,3,230300,1
230321,鸡东县,3,230300,1
230381,虎林市,3,230300,1
230382,密山市,3,230300,1
230402,向阳区,3,230400,1
230403,工农区,3,230400,1
230404,南山区,3,230400,1
230405,兴安区,3,230400,1
230406,东山区,3,230400,1
230407,兴山区,3,230400,1
230421,萝北县,3,230400,1
230422,绥滨县,3,230400,1
230502,尖山区,3,230500,1
230503,岭东区,3,230500,1
230505,四方台区,3,230500,1
230506,宝山区,3,230500,1
230521,集贤县,3,230500,1
230522,友谊县,3,230500,1
230523,宝清县,3,230500,1
230524,饶河县,3,230500,1
230602,萨尔图区,3,230600,1
230603,龙凤区,3,230600,1
230604,让胡路区,3,230600,1
230605,红岗区,3,230600,1
230606,大同区,3,230600,1
230621,肇州县,3,230600,1
230622,肇源县,3,230600,1
230623,林甸县,3,230600,1
230624,杜尔伯特蒙古族自治县,3,230600,1
230717,伊美区,3,230700,1
230718,乌翠区,3,230700,1
230719,友好区,3,230700,1
230722,嘉荫县,3,230700,1
230723,汤旺县,3,230700,1
230724,丰林县,3,230700,1
230725,南岔县,3,230700,1
230726,大箐山县,3,230700,1
230751,金林区,3,230700,1
230781,铁力市,3,230700,1
230803,向阳区,3,230800,1
230804,前进区,3,230800,1
230805,东风区,3,230800,1
230811,郊区,3,230800,1
230822,桦南县,3,230800,1
230826,桦川县,3,230800,1
230828,汤原县,3,230800,1
230881,同江市,3,230800,1
230882,富锦市,3,230800,1
230883,抚远市,3,230800,1
230902,新兴区,3,230900,1
230903,桃山区,3,230900,1
230904,茄子河区,3,230900,1
230921,勃利县,3,230900,1
231002,东安区,3,231000,1
231003,阳明区,3,231000,1
231004,爱民区,3,231000,1
231005,西安区,3,231000,1
231025,林口县,3,231000,1
231081,绥芬河市,3,231000,1
231083,海林市,3,231000,1
231084,宁安市,3,231000,1
231085,穆棱市,3,231000,1
231086,东宁市,3,231000,1
231102,爱辉区,3,231100,1
231123,逊克县,3,231100,1
231124,孙吴县,3,231100,1
231181,北安市,3,231100,1
231182,五大连池市,3,231100,1
231183,嫩江市,3,231100,1
231202,北林区,3,231200,1
231221,望奎县,3,231200,1
231222,兰西县,3,231200,1
231223,青冈县,3,231200,1
231224,庆安县,3,231200,1
231225,明水县,3,231200,1
231226,绥棱县,3,231200,1
231281,安达市,3,231200,1
231282,肇东市,3,231200,1
231283,海伦市,3,231200,1
232701,漠河市,3,232700,1
232721,呼玛县,3,232700,1
232722,塔河县,3,232700,1
320000,江苏省,1,,1
320100,南京市,2,320000,1
320200,无锡市,2,320000,1
320300,徐州市,2,320000,1
320400,常州市,2,320000,1
320500,苏州市,2,320000,1
320600,南通市,2,320000,1
320700,连云港市,2,320000,1
320800,淮安市,2,320000,1
320900,盐城市,2,320000,1
321000,扬州市,2,320000,1
321100,镇江市,2,320000,1
321200,泰州市,2,320000,1
321300,宿迁市,2,320000,1
320102,玄武区,3,320100,1
320104,秦淮区,3,320100,1
320105,建邺区,3,320100,1
320106,鼓楼区,3,320100,1
320111,浦口区,3,320100,1
320113,栖霞区,3,320100,1
320114,雨花台区,3,320100,1
320115,江宁区,3,320100,1
320116,六合区,3,320100,1
320117,溧水区,3,320100,1
320118,高淳区,3,320100,1
320205,锡山区,3,320200,1
320206,惠山区,3,320200,1
320211,滨湖区,3,320200,1
320213,梁溪区,3,320200,1
320214,新吴区,3,320200,1
320281,江阴市,3,320200,1
320282,宜兴市,3,320200,1
320302,鼓楼区,3,320300,1
320303,云龙区,3,320300,1
320305,贾汪区,3,320300,1
320311,泉山区,3,320300,1
320312,铜山区,3,320300,1
320321,丰县,3,320300,1
320322,沛县,3,320300,1
320324,睢宁县,3,320300,1
320381,新沂市,3,320300,1
320382,邳州市,3,320300,1
320402,天宁区,3,320400,1
320404,钟楼区,3,320400,1
320411,新北区,3,320400,1
320412,武进区,3,320400,1
320413,金坛区,3,320400,1
320481,溧阳市,3,320400,1
320505,虎丘区,3,320500,1
320506,吴中区,3,320500,1
320507,相城区,3,320500,1
320508,姑苏区,3,320500,1
320509,吴江区,3,320500,1
320581,常熟市,3,320500,1
320582,张家港市,3,320500,1
320583,昆山市,3,320500,1
320585,太仓市,3,320500,1
320602,崇川区,3,320600,1
320612,通州区,3,320600,1
320613,海门区,3,320600,1
320623,如东县,3,320600,1
320681,启东市,3,320600,1
320682,如皋市,3,320600,1
320685,海安市,3,320600,1
320703,连云区,3,320700,1
320706,海州区,3,320700,1
320707,赣榆区,3,320700,1
320722,东海县,3,320700,1
320723,灌云县,3,320700,1
320724,灌南县,3,320700,1
320803,淮安区,3,320800,1
320804,淮阴区,3,320800,1
320812,清江浦区,3,320800,1
320813,洪泽区,3,320800,1
320826,涟水县,3,320800,1
320830,盱眙县,3,320800,1
320831,金湖县,3,320800,1
320902,亭湖区,3,320900,1
320903,盐都区,3,320900,1
320904,大丰区,3,320900,1
320921,响水县,3,320900,1
320922,滨海县,3,320900,1
320923,阜宁县,3,320900,1
320924,射阳县,3,320900,1
320925,建湖县,3,320900,1
320981,东台市,3,320900,1
321002,广陵区,3,321000,1
321003,邗江区,3,321000,1
321012,江都区,3,321000,1
321023,宝应县,3,321000,1
321081,仪征市,3,321000,1
321084,高邮市,3,321000,1
321102,京口区,3,321100,1
321111,润州区,3,321100,1
321112,丹徒区,3,321100,1
321181,丹阳市,3,321100,1
321182,扬中市,3,321100,1
321183,句容市,3,321100,1
321202,海陵区,3,321200,1
321203,高港区,3,321200,1
321204,姜堰区,3,321200,1
321281,兴化市,3,321200,1
321282,靖江市,3,321200,1
321283,泰兴市,3,321200,1
321302,宿城区,3,321300,1
321311,宿豫区,3,321300,1
321322,沭阳县,3,321300,1
321323,泗阳县,3,321300,1
321324,泗洪县,3,321300,1
330000,浙江省,1,,1
330100,杭州市,2,330000,1
330200,宁波市,2,330000,1
330300,温州市,2,330000,1
330400,嘉兴市,2,330000,1
330500,湖州市,2,330000,1
330600,绍兴市,2,330000,1
330700,金华市,2,330000,1
330800,衢州市,2,330000,1
330900,舟山市,2,330000,1
331000,台州市,2,330000,1
331100,丽水市,2,330000,1
330102,上城区,3,330100,1
330105,拱墅区,3,330100,1
330106,西湖区,3,330100,1
330108,滨江区,3,330100,1
330109,萧山区,3,330100,1
330110,余杭区,3,330100,1
330111,富阳区,3,330100,1
330112,临安区,3,330100,1
330113,临平区,3,330100,1
330114,钱塘区,3,330100,1
330122,桐庐县,3,330100,1
330127,淳安县,3,330100,1
330182,建德市,3,330100,1
330203,海曙区,3,330200,1
330205,江北区,3,330200,1
330206,北仑区,3,330200,1
330211,镇海区,3,330200,1
330212,鄞州区,3,330200,1
330213,奉化区,3,330200,1
330225,象山县,3,330200,1
330226,宁海县,3,330200,1
330281,余姚市,3,330200,1
330282,慈溪市,3,330200,1
330302,鹿城区,3,330300,1
330303,龙湾区,3,330300,1
330304,瓯海区,3,330300,1
330305,洞头区,3,330300,1
330324,永嘉县,3,330300,1
330326,平阳县,3,330300,1
330327,苍南县,3,330300,1
330328,文成县,3,330300,1
330329,泰顺县,3,330300,1
330381,瑞安市,3,330300,1
330382,乐清市,3,330300,1
330383,龙港市,3,330300,1
330402,南湖区,3,330400,1
330411,秀洲区,3,330400,1
330421,嘉善县,3,330400,1
330424,海盐县,3,330400,1
330481,海宁市,3,330400,1
330482,平湖市,3,330400,1
330483,桐乡市,3,330400,1
330502,吴兴区,3,330500,1
330503,南浔区,3,330500,1
330521,德清县,3,330500,1
330522,长兴县,3,330500,1
330523,安吉县,3,330500,1
330602,越城区,3,330600,1
330603,柯桥区,3,330600,1
330604,上虞区,3,330600,1
330624,新昌县,3,330600,1
330681,诸暨市,3,330600,1
330683,嵊州市,3,330600,1
330702,婺城区,3,330700,1
330703,金东区,3,330700,1
330723,武义县,3,330700,1
330726,浦江县,3,330700,1
330727,磐安县,3,330700,1
330781,兰溪市,3,330700,1
330782,义乌市,3,330700,1
330783,东阳市,3,330700,1
330784,永康市,3,330700,1
330802,柯城区,3,330800,1
330803,衢江区,3,330800,1
330822,常山县,3,330800,1
330824,开化县,3,330800,1
330825,龙游县,3,330800,1
330881,江山市,3,330800,1
330902,定海区,3,330900,1
330903,普陀区,3,330900,1
330921,岱山县,3,330900,1
330922,嵊泗县,3,330900,1
331002,椒江区,3,331000,1
331003,黄岩区,3,331000,1
331004,路桥区,3,331000,1
331022,三门县,3,331000,1
331023,天台县,3,331000,1
331024,仙居县,3,331000,1
331081,温岭市,3,331000,1
331082,临海市,3,331000,1
331083,玉环市,3,331000,1
331102,莲都区,3,331100,1
331121,青田县,3,331100,1
331122,缙云县,3,331100,1
331123,遂昌县,3,331100,1
331124,松阳县,3,331100,1
331125,云和县,3,331100,1
331126,庆元县,3,331100,1
331127,景宁畲族自治县,3,331100,1
331181,龙泉市,3,331100,1
340000,安徽省,1,,1
340100,合肥市,2,340000,1
340200,芜湖市,2,340000,1
340300,蚌埠市,2,340000,1
340400,淮南市,2,340000,1
340500,马鞍山市,2,340000,1
340600,淮北市,2,340000,1
340700,铜陵市,2,340000,1
340800,安庆市,2,340000,1
341000,黄山市,2,340000,1
341100,滁州市,2,340000,1
341200,阜阳市,2,340000,1
341300,宿州市,2,340000,1
341500,六安市,2,340000,1
341600,亳州市,2,340000,1
341700,池州市,2,340000,1
341800,宣城市,2,340000,1
340102,瑶海区,3,340100,1
340103,庐阳区,3,340100,1
340104,蜀山区,3,340100,1
340111,包河区,3,340100,1
340121,长丰县,3,340100,1
340122,肥东县,3,340100,1
340123,肥西县,3,340100,1
340124,庐江县,3,340100,1
340181,巢湖市,3,340100,1
340202,镜湖区,3,340200,1
340203,弋江区,3,340200,1
340207,鸠江区,3,340200,1
340209,湾沚区,3,340200,1
340210,繁昌区,3,340200,1
340223,南陵县,3,340200,1
340281,无为市,3,340200,1
340302,龙子湖区,3,340300,1
340303,蚌山区,3,340300,1
340304,禹会区,3,340300,1
340311,淮上区,3,340300,1
340321,怀远县,3,340300,1
340322,五河县,3,340300,1
340323,固镇县,3,340300,1
340402,大通区,3,340400,1
340403,田家庵区,3,340400,1
340404,谢家集区,3,340400,1
340405,八公山区,3,340400,1
340406,潘集区,3,340400,1
340421,凤台县,3,340400,1
340422,寿县,3,340400,1
340503,花山区,3,340500,1
340504,雨山区,3,340500,1
340506,博望区,3,340500,1
340521,当涂县,3,340500,1
340522,含山县,3,340500,1
340523,和县,3,340500,1
340602,杜集区,3,340600,1
340603,相山区,3,340600,1
340604,烈山区,3,340600,1
340621,濉溪县,3,340600,1
340705,铜官区,3,340700,1
340706,义安区,3,340700,1
340711,郊区,3,340700,1
340722,枞阳县,3,340700,1
340802,迎江区,3,340800,1
340803,大观区,3,340800,1
340811,宜秀区,3,340800,1
340822,怀宁县,3,340800,1
340825,太湖县,3,340800,1
340826,宿松县,3,340800,1
340827,望江县,3,340800,1
340828,岳西县,3,340800,1
340881,桐城市,3,340800,1
340882,潜山市,3,340800,1
341002,屯溪区,3,341000,1
341003,黄山区,3,341000,1
341004,徽州区,3,341000,1
341021,歙县,3,341000,1
341022,休宁县,3,341000,1
341023,黟县,3,341000,1
341024,祁门县,3,341000,1
341102,琅琊区,3,341100,1
341103,南谯区,3,341100,1
341122,来安县,3,341100,1
341124,全椒县,3,341100,1
341125,定远县,3,341100,1
341126,凤阳县,3,341100,1
341181,天长市,3,341100,1
341182,明光市,3,341100,1
341202,颍州区,3,341200,1
341203,颍东区,3,341200,1
341204,颍泉区,3,341200,1
341221,临泉县,3,341200,1
341222,太和县,3,341200,1
341225,阜南县,3,341200,1
341226,颍上县,3,341200,1
341282,界首市,3,341200,1
341302,埇桥区,3,341300,1
341321,砀山县,3,341300,1
341322,萧县,3,341300,1
341323,灵璧县,3,341300,1
341324,泗县,3,341300,1
341502,金安区,3,341500,1
341503,裕安区,3,341500,1
341504,叶集区,3,341500,1
341522,霍邱县,3,341500,1
341523,舒城县,3,341500,1
341524,金寨县,3,341500,1
341525,霍山县,3,341500,1
341602,谯城区,3,341600,1
341621,涡阳县,3,341600,1
341622,蒙城县,3,341600,1
341623,利辛县,3,341600,1
341702,贵池区,3,341700,1
341721,东至县,3,341700,1
341722,石台县,3,341700,1
341723,青阳县,3,341700,1
341802,宣州区,3,341800,1
341821,郎溪县,3,341800,1
341823,泾县,3,341800,1
341824,绩溪县,3,341800,1
341825,旌德县,3,341800,1
341881,宁国市,3,341800,1
341882,广德市,3,341800,1
350000,福建省,1,,1
350100,福州市,2,350000,1
350200,厦门市,2,350000,1
350300,莆田市,2,350000,1
350400,三明市,2,350000,1
350500,泉州市,2,350000,1
350600,漳州市,2,350000,1
350700,南平市,2,350000,1
350800,龙岩市,2,350000,1
350900,宁德市,2,350000,1
350102,鼓楼区,3,350100,1
350103,台江区,3,350100,1
350104,仓山区,3,350100,1
350105,马尾区,3,350100,1
350111,晋安区,3,350100,1
350112,长乐区,3,350100,1
350121,闽侯县,3,350100,1
350122,连江县,3,350100,1
350123,罗源县,3,350100,1
350124,闽清县,3,350100,1
350125,永泰县,3,350100,1
350128,平潭县,3,350100,1
350181,福清市,3,350100,1
350203,思明区,3,350200,1
350205,海沧区,3,350200,1
350206,湖里区,3,350200,1
350211,集美区,3,350200,1
350212,同安区,3,350200,1
350213,翔安区,3,350200,1
350302,城厢区,3,350300,1
350303,涵江区,3,350300,1
350304,荔城区,3,350300,1
350305,秀屿区,3,350300,1
350322,仙游县,3,350300,1
350403,三元区,3,350400,1
350404,沙县区,3,350400,1
350421,明溪县,3,350400,1
350423,清流县,3,350400,1
350424,宁化县,3,350400,1
350425,大田县,3,350400,1
350426,尤溪县,3,350400,1
350428,将乐县,3,350400,1
350429,泰宁县,3,350400,1
350430,建宁县,3,350400,1
350481,永安市,3,350400,1
350502,鲤城区,3,350500,1
350503,丰泽区,3,350500,1
350504,洛江区,3,350500,1
350505,泉港区,3,350500,1
350521,惠安县,3,350500,1
350524,安溪县,3,350500,1
350525,永春县,3,350500,1
350526,德化县,3,350500,1
350527,金门县,3,350500,1
350581,石狮市,3,350500,1
350582,晋江市,3,350500,1
350583,南安市,3,350500,1
350602,芗城区,3,350600,1
350603,龙文区,3,350600,1
350604,龙海区,3,350600,1
350605,长泰区,3,350600,1
350622,云霄县,3,350600,1
350623,漳浦县,3,350600,1
350624,诏安县,3,350600,1
350626,东山县,3,350600,1
350627,南靖县,3,350600,1
350628,平和县,3,350600,1
350629,华安县,3,350600,1
350702,延平区,3,350700,1
350703,建阳区,3,350700,1
350721,顺昌县,3,350700,1
350722,浦城县,3,350700,1
350723,光泽县,3,350700,1
350724,松溪县,3,350700,1
350725,政和县,3,350700,1
350781,邵武市,3,350700,1
350782,武夷山市,3,350700,1
350783,建瓯市,3,350700,1
350802,新罗区,3,350800,1
350803,永定区,3,350800,1
350821,长汀县,3,350800,1
350823,上杭县,3,350800,1
350824,武平县,3,350800,1
350825,连城县,3,350800,1
350881,漳平市,3,350800,1
350902,蕉城区,3,350900,1
350921,霞浦县,3,350900,1
350922,古田县,3,350900,1
350923,屏南县,3,350900,1
350924,寿宁县,3,350900,1
350925,周宁县,3,350900,1
350926,柘荣县,3,350900,1
350981,福安市,3,350900,1
350982,福鼎市,3,350900,1
370000,山东省,1,,1
370100,济南市,2,370000,1
370200,青岛市,2,370000,1
370300,淄博市,2,370000,1
370400,枣庄市,2,370000,1
370500,东营市,2,370000,1
370600,烟台市,2,370000,1
370700,潍坊市,2,370000,1
370800,济宁市,2,370000,1
370900,泰安市,2,370000,1
371000,威海市,2,370000,1
371100,日照市,2,370000,1
371300,临沂市,2,370000,1
371400,德州市,2,370000,1
371500,聊城市,2,370000,1
371600,滨州市,2,370000,1
371700,菏泽市,2,370000,1
370102,历下区,3,370100,1
370103,市中区,3,370100,1
370104,槐荫区,3,370100,1
370105,天桥区,3,370100,1
370112,历城区,3,370100,1
370113,长清区,3,370100,1
370114,章丘区,3,370100,1
370115,济阳区,3,370100,1
370116,莱芜区,3,370100,1
370117,钢城区,3,370100,1
370124,平阴县,3,370100,1
370126,商河县,3,370100,1
370202,市南区,3,370200,1
370203,市北区,3,370200,1
370211,黄岛区,3,370200,1
370212,崂山区,3,370200,1
370213,李沧区,3,370200,1
370214,城阳区,3,370200,1
370215,即墨区,3,370200,1
370281,胶州市,3,370200,1
370283,平度市,3,370200,1
370285,莱西市,3,370200,1
370302,淄川区,3,370300,1
370303,张店区,3,370300,1
370304,博山区,3,370300,1
370305,临淄区,3,370300,1
370306,周村区,3,370300,1
370321,桓台县,3,370300,1
370322,高青县,3,370300,1
370323,沂源县,3,370300,1
370402,市中区,3,370400,1
370403,薛城区,3,370400,1
370404,峄城区,3,370400,1
370405,台儿庄区,3,370400,1
370406,山亭区,3,370400,1
370481,滕州市,3,370400,1
370502,东营区,3,370500,1
370503,河口区,3,370500,1
370505,垦利区,3,370500,1
370522,利津县,3,370500,1
370523,广饶县,3,370500,1
370602,芝罘区,3,370600,1
370611,福山区,3,370600,1
370612,牟平区,3,370600,1
370613,莱山区,3,370600,1
370614,蓬莱区,3,370600,1
370681,龙口市,3,370600,1
370682,莱阳市,3,370600,1
370683,莱州市,3,370600,1
370685,招远市,3,370600,1
370686,栖霞市,3,370600,1
370687,海阳市,3,370600,1
370702,潍城区,3,370700,1
370703,寒亭区,3,370700,1
370704,坊子区,3,370700,1
370705,奎文区,3,370700,1
370724,临朐县,3,370700,1
370725,昌乐县,3,370700,1
370781,青州市,3,370700,1
370782,诸城市,3,370700,1
370783,寿光市,3,370700,1
370784,安丘市,3,370700,1
370785,高密市,3,370700,1
370786,昌邑市,3,370700,1
370811,任城区,3,370800,1
370812,兖州区,3,370800,1
370826,微山县,3,370800,1
370827,鱼台县,3,370800,1
370828,金乡县,3,370800,1
370829,嘉祥县,3,370800,1
370830,汶上县,3,370800,1
370831,泗水县,3,370800,1
370832,梁山县,3,370800,1
370881,曲阜市,3,370800,1
370883,邹城市,3,370800,1
370902,泰山区,3,370900,1
370911,岱岳区,3,370900,1
370921,宁阳县,3,370900,1
370923,东平县,3,370900,1
370982,新泰市,3,370900,1
370983,肥城市,3,370900,1
371002,环翠区,3,371000,1
371003,文登区,3,371000,1
371082,荣成市,3,371000,1
371083,乳山市,3,371000,1
371102,东港区,3,371100,1
371103,岚山区,3,371100,1
371121,五莲县,3,371100,1
371122,莒县,3,371100,1
371302,兰山区,3,371300,1
371311,罗庄区,3,371300,1
371312,河东区,3,371300,1
371321,沂南县,3,371300,1
371322,郯城县,3,371300,1
371323,沂水县,3,371300,1
371324,兰陵县,3,371300,1
371325,费县,3,371300,1
371326,平邑县,3,371300,1
371327,莒南县,3,371300,1
371328,蒙阴县,3,371300,1
371329,临沭县,3,371300,1
371402,德城区,3,371400,1
371403,陵城区,3,371400,1
371422,宁津县,3,371400,1
371423,庆云县,3,371400,1
371424,临邑县,3,371400,1
371425,齐河县,3,371400,1
371426,平原县,3,371400,1
371427,夏津县,3,371400,1
371428,武城县,3,371400,1
371481,乐陵市,3,371400,1
371482,禹城市,3,371400,1
371502,东昌府区,3,371500,1
371503,茌平区,3,371500,1
371521,阳谷县,3,371500,1
371522,莘县,3,371500,1
371524,东阿县,3,371500,1
371525,冠县,3,371500,1
371526,高唐县,3,371500,1
371581,临清市,3,371500,1
371602,滨城区,3,371600,1
371603,沾化区,3,371600,1
371621,惠民县,3,371600,1
371622,阳信县,3,371600,1
371623,无棣县,3,371600,1
371625,博兴县,3,371600,1
371681,邹平市,3,371600,1
371702,牡丹区,3,371700,1
371703,定陶区,3,371700,1
371721,曹县,3,371700,1
371722,单县,3,371700,1
371723,成武县,3,371700,1
371724,巨野县,3,371700,1
371725,郓城县,3,371700,1
371726,鄄城县,3,371700,1
371728,东明县,3,371700,1
